{"cameraMode":{"drawMode":0,"name":"Shaded","section":"Shading Mode"},"sceneLighting":true,"audioPlay":false,"sceneViewState":{"showFog":true,"showMaterialUpdate":false,"showSkybox":false,"showFlares":true,"showImageEffects":true,"showParticleSystems":true},"in2DMode":false,"pivot":{"x":1.5399999618530274,"y":-4.029999732971191,"z":-21.11667823791504},"rotation":{"x":-0.002108560409396887,"y":0.9701451063156128,"z":-0.24236193299293519,"w":-0.008439681492745877},"size":16.781362533569337,"orthographic":false}