{"cameraMode":{"drawMode":0,"name":"Shaded","section":"Shading Mode"},"sceneLighting":true,"audioPlay":false,"sceneViewState":{"showFog":true,"showMaterialUpdate":false,"showSkybox":false,"showFlares":true,"showImageEffects":true,"showParticleSystems":true},"in2DMode":false,"pivot":{"x":10.882631301879883,"y":0.5810041427612305,"z":-23.86038589477539},"rotation":{"x":-0.004017962142825127,"y":0.9930088520050049,"z":-0.112498439848423,"w":-0.03546469286084175},"size":30.690393447875978,"orthographic":false}